Fecha,Año,Mes,Dia,Trimestre,Dia_semana,semana,dia_año,ingreso neto
2020-01-01,2020,1,1,1,4,1,1,1263904
2020-01-02,2020,1,2,1,5,1,2,5606467
2020-01-03,2020,1,3,1,6,1,3,12204509
2020-01-04,2020,1,4,1,7,1,4,2902901
2020-01-05,2020,1,5,1,1,2,5,242338
2020-01-06,2020,1,6,1,2,2,6,11654566
2020-01-07,2020,1,7,1,3,2,7,24877428
2020-01-08,2020,1,8,1,4,2,8,20833701
2020-01-09,2020,1,9,1,5,2,9,42390924
2020-01-10,2020,1,10,1,6,2,10,82712669
2020-01-11,2020,1,11,1,7,2,11,11797834
2020-01-12,2020,1,12,1,1,3,12,544152
2020-01-13,2020,1,13,1,2,3,13,68776213
2020-01-14,2020,1,14,1,3,3,14,153312367
2020-01-15,2020,1,15,1,4,3,15,231361964
2020-01-16,2020,1,16,1,5,3,16,420953087
2020-01-17,2020,1,17,1,6,3,17,654509241
2020-01-18,2020,1,18,1,7,3,18,27315731
2020-01-19,2020,1,19,1,1,4,19,250657
2020-01-20,2020,1,20,1,2,4,20,67386431
2020-01-21,2020,1,21,1,3,4,21,24831895
2020-01-22,2020,1,22,1,4,4,22,24948991
2020-01-23,2020,1,23,1,5,4,23,41704632
2020-01-24,2020,1,24,1,6,4,24,43759064
2020-01-25,2020,1,25,1,7,4,25,7708625
2020-01-26,2020,1,26,1,1,5,26,157364
2020-01-27,2020,1,27,1,2,5,27,19308716
2020-01-28,2020,1,28,1,3,5,28,13592235
2020-01-29,2020,1,29,1,4,5,29,33885488
2020-01-30,2020,1,30,1,5,5,30,23017471
2020-01-31,2020,1,31,1,6,5,31,421933009
2020-02-01,2020,2,1,1,7,5,1,3603656
2020-02-02,2020,2,2,1,1,6,2,1001432
2020-02-03,2020,2,3,1,2,6,3,8660550
2020-02-04,2020,2,4,1,3,6,4,15204299
2020-02-05,2020,2,5,1,4,6,5,8675018
2020-02-06,2020,2,6,1,5,6,6,19831982
2020-02-07,2020,2,7,1,6,6,7,37090610
2020-02-08,2020,2,8,1,7,6,8,6208421
2020-02-09,2020,2,9,1,1,7,9,108634
2020-02-10,2020,2,10,1,2,7,10,42919659
2020-02-11,2020,2,11,1,3,7,11,85782823
2020-02-12,2020,2,12,1,4,7,12,69770616
2020-02-13,2020,2,13,1,5,7,13,151767648
2020-02-14,2020,2,14,1,6,7,14,320793192
2020-02-15,2020,2,15,1,7,7,15,28277377
2020-02-16,2020,2,16,1,1,8,16,553483
2020-02-17,2020,2,17,1,2,8,17,440335647
2020-02-18,2020,2,18,1,3,8,18,468785567
2020-02-19,2020,2,19,1,4,8,19,443037078
2020-02-20,2020,2,20,1,5,8,20,39159473
2020-02-21,2020,2,21,1,6,8,21,46713258
2020-02-22,2020,2,22,1,7,8,22,14055438
2020-02-23,2020,2,23,1,1,9,23,114564
2020-02-24,2020,2,24,1,2,9,24,20659347
2020-02-25,2020,2,25,1,3,9,25,18844138
2020-02-26,2020,2,26,1,4,9,26,13119755
2020-02-27,2020,2,27,1,5,9,27,18340653
2020-02-28,2020,2,28,1,6,9,28,62775152
2020-02-29,2020,2,29,1,7,9,29,13870607
2020-03-01,2020,3,1,1,1,10,1,2535413
2020-03-02,2020,3,2,1,2,10,2,13188660
2020-03-03,2020,3,3,1,3,10,3,10326341
2020-03-04,2020,3,4,1,4,10,4,9655993
2020-03-05,2020,3,5,1,5,10,5,23645900
2020-03-06,2020,3,6,1,6,10,6,55255472
2020-03-07,2020,3,7,1,7,10,7,10041727
2020-03-08,2020,3,8,1,1,11,8,185464
2020-03-09,2020,3,9,1,2,11,9,46647484
2020-03-10,2020,3,10,1,3,11,10,58535789
2020-03-11,2020,3,11,1,4,11,11,99790233
2020-03-12,2020,3,12,1,5,11,12,108358581
2020-03-13,2020,3,13,1,6,11,13,219112627
2020-03-14,2020,3,14,1,7,11,14,24102249
2020-03-15,2020,3,15,1,1,12,15,602048
2020-03-16,2020,3,16,1,2,12,16,318918676
2020-03-17,2020,3,17,1,3,12,17,722394504
2020-03-18,2020,3,18,1,4,12,18,451769064
2020-03-19,2020,3,19,1,5,12,19,61969650
2020-03-20,2020,3,20,1,6,12,20,25383511
2020-03-21,2020,3,21,1,7,12,21,8547242
2020-03-22,2020,3,22,1,1,13,22,43339
2020-03-23,2020,3,23,1,2,13,23,19758024
2020-03-24,2020,3,24,1,3,13,24,14136903
2020-03-25,2020,3,25,1,4,13,25,19264231
2020-03-26,2020,3,26,1,5,13,26,20291973
2020-03-27,2020,3,27,1,6,13,27,23332650
2020-03-28,2020,3,28,1,7,13,28,4784840
2020-03-29,2020,3,29,1,1,14,29,107405
2020-03-30,2020,3,30,1,2,14,30,24049610
2020-03-31,2020,3,31,1,3,14,31,35923422
2020-04-01,2020,4,1,2,4,14,1,10225731
2020-04-02,2020,4,2,2,5,14,2,10306104
2020-04-03,2020,4,3,2,6,14,3,21901832
2020-04-04,2020,4,4,2,7,14,4,5445219
2020-04-05,2020,4,5,2,1,15,5,326555
2020-04-06,2020,4,6,2,2,15,6,16694390
2020-04-07,2020,4,7,2,3,15,7,25483497
2020-04-08,2020,4,8,2,4,15,8,29408359
2020-04-09,2020,4,9,2,5,15,9,646373
2020-04-10,2020,4,10,2,6,15,10,241999
2020-04-11,2020,4,11,2,7,15,11,603755
2020-04-12,2020,4,12,2,1,16,12,139338
2020-04-13,2020,4,13,2,2,16,13,60016201
2020-04-14,2020,4,14,2,3,16,14,141754700
2020-04-15,2020,4,15,2,4,16,15,236123245
2020-04-16,2020,4,16,2,5,16,16,406324694
2020-04-17,2020,4,17,2,6,16,17,673670612
2020-04-18,2020,4,18,2,7,16,18,31340359
2020-04-19,2020,4,19,2,1,17,19,517597
2020-04-20,2020,4,20,2,2,17,20,52528429
2020-04-21,2020,4,21,2,3,17,21,37052067
2020-04-22,2020,4,22,2,4,17,22,46834874
2020-04-23,2020,4,23,2,5,17,23,36746567
2020-04-24,2020,4,24,2,6,17,24,39501134
2020-04-25,2020,4,25,2,7,17,25,13795225
2020-04-26,2020,4,26,2,1,18,26,130597
2020-04-27,2020,4,27,2,2,18,27,24574875
2020-04-28,2020,4,28,2,3,18,28,42875771
2020-04-29,2020,4,29,2,4,18,29,18741990
2020-04-30,2020,4,30,2,5,18,30,435192493
2020-05-01,2020,5,1,2,6,18,1,499707
2020-05-02,2020,5,2,2,7,18,2,4076883
2020-05-03,2020,5,3,2,1,19,3,84147
2020-05-04,2020,5,4,2,2,19,4,12653569
2020-05-05,2020,5,5,2,3,19,5,14462755
2020-05-06,2020,5,6,2,4,19,6,15366594
2020-05-07,2020,5,7,2,5,19,7,13341336
2020-05-08,2020,5,8,2,6,19,8,35739483
2020-05-09,2020,5,9,2,7,19,9,8533701
2020-05-10,2020,5,10,2,1,20,10,98231
2020-05-11,2020,5,11,2,2,20,11,32228772
2020-05-12,2020,5,12,2,3,20,12,76551147
2020-05-13,2020,5,13,2,4,20,13,91624810
2020-05-14,2020,5,14,2,5,20,14,267240298
2020-05-15,2020,5,15,2,6,20,15,353663270
2020-05-16,2020,5,16,2,7,20,16,50044755
2020-05-17,2020,5,17,2,1,21,17,1724801
2020-05-18,2020,5,18,2,2,21,18,614710479
2020-05-19,2020,5,19,2,3,21,19,56357080
2020-05-20,2020,5,20,2,4,21,20,44919449
2020-05-21,2020,5,21,2,5,21,21,22707595
2020-05-22,2020,5,22,2,6,21,22,34982194
2020-05-23,2020,5,23,2,7,21,23,7585046
2020-05-24,2020,5,24,2,1,22,24,115313
2020-05-25,2020,5,25,2,2,22,25,39299381
2020-05-26,2020,5,26,2,3,22,26,15501278
2020-05-27,2020,5,27,2,4,22,27,21931175
2020-05-28,2020,5,28,2,5,22,28,17883996
2020-05-29,2020,5,29,2,6,22,29,444446411
2020-05-30,2020,5,30,2,7,22,30,9274754
2020-05-31,2020,5,31,2,1,23,31,687341
2020-06-01,2020,6,1,2,2,23,1,14963362
2020-06-02,2020,6,2,2,3,23,2,13648124
2020-06-03,2020,6,3,2,4,23,3,9293953
2020-06-04,2020,6,4,2,5,23,4,23176952
2020-06-05,2020,6,5,2,6,23,5,29146313
2020-06-06,2020,6,6,2,7,23,6,5722599
2020-06-07,2020,6,7,2,1,24,7,252732
2020-06-08,2020,6,8,2,2,24,8,17381505
2020-06-09,2020,6,9,2,3,24,9,34540707
2020-06-10,2020,6,10,2,4,24,10,66570264
2020-06-11,2020,6,11,2,5,24,11,113985119
2020-06-12,2020,6,12,2,6,24,12,184655984
2020-06-13,2020,6,13,2,7,24,13,16947640
2020-06-14,2020,6,14,2,1,25,14,388840
2020-06-15,2020,6,15,2,2,25,15,228283221
2020-06-16,2020,6,16,2,3,25,16,318614616
2020-06-17,2020,6,17,2,4,25,17,552185241
2020-06-18,2020,6,18,2,5,25,18,51472016
2020-06-19,2020,6,19,2,6,25,19,37648213
2020-06-20,2020,6,20,2,7,25,20,9511268
2020-06-21,2020,6,21,2,1,26,21,715757
2020-06-22,2020,6,22,2,2,26,22,23486486
2020-06-23,2020,6,23,2,3,26,23,30372907
2020-06-24,2020,6,24,2,4,26,24,30970224
2020-06-25,2020,6,25,2,5,26,25,28633410
2020-06-26,2020,6,26,2,6,26,26,21340760
2020-06-27,2020,6,27,2,7,26,27,17448995
2020-06-28,2020,6,28,2,1,27,28,267309
2020-06-29,2020,6,29,2,2,27,29,17694527
2020-06-30,2020,6,30,2,3,27,30,48905758
2020-07-01,2020,7,1,3,4,27,1,396163327
2020-07-02,2020,7,2,3,5,27,2,19266587
2020-07-03,2020,7,3,3,6,27,3,20355164
2020-07-04,2020,7,4,3,7,27,4,6611916
2020-07-05,2020,7,5,3,1,28,5,447885
2020-07-06,2020,7,6,3,2,28,6,25286114
2020-07-07,2020,7,7,3,3,28,7,22346809
2020-07-08,2020,7,8,3,4,28,8,37572407
2020-07-09,2020,7,9,3,5,28,9,60350239
2020-07-10,2020,7,10,3,6,28,10,90735310
2020-07-11,2020,7,11,3,7,28,11,15093626
2020-07-12,2020,7,12,3,1,29,12,224262
2020-07-13,2020,7,13,3,2,29,13,93215309
2020-07-14,2020,7,14,3,3,29,14,137299182
2020-07-15,2020,7,15,3,4,29,15,183239036
2020-07-16,2020,7,16,3,5,29,16,369453341
2020-07-17,2020,7,17,3,6,29,17,508223650
2020-07-18,2020,7,18,3,7,29,18,36716398
2020-07-19,2020,7,19,3,1,30,19,635849
2020-07-20,2020,7,20,3,2,30,20,1350843
2020-07-21,2020,7,21,3,3,30,21,37388685
2020-07-22,2020,7,22,3,4,30,22,56708031
2020-07-23,2020,7,23,3,5,30,23,21742723
2020-07-24,2020,7,24,3,6,30,24,43092753
2020-07-25,2020,7,25,3,7,30,25,4600601
2020-07-26,2020,7,26,3,1,31,26,198970
2020-07-27,2020,7,27,3,2,31,27,21526336
2020-07-28,2020,7,28,3,3,31,28,26080367
2020-07-29,2020,7,29,3,4,31,29,15775064
2020-07-30,2020,7,30,3,5,31,30,28532082
2020-07-31,2020,7,31,3,6,31,31,423761890
2020-08-01,2020,8,1,3,7,31,1,1179525
2020-08-02,2020,8,2,3,1,32,2,102509
2020-08-03,2020,8,3,3,2,32,3,12786946
2020-08-04,2020,8,4,3,3,32,4,14008031
2020-08-05,2020,8,5,3,4,32,5,8675656
2020-08-06,2020,8,6,3,5,32,6,38070358
2020-08-07,2020,8,7,3,6,32,7,36840633
2020-08-08,2020,8,8,3,7,32,8,7439839
2020-08-09,2020,8,9,3,1,33,9,190549
2020-08-10,2020,8,10,3,2,33,10,7803767
2020-08-11,2020,8,11,3,3,33,11,47745329
2020-08-12,2020,8,12,3,4,33,12,67172783
2020-08-13,2020,8,13,3,5,33,13,232454353
2020-08-14,2020,8,14,3,6,33,14,446243620
2020-08-15,2020,8,15,3,7,33,15,57189239
2020-08-16,2020,8,16,3,1,34,16,1869436
2020-08-17,2020,8,17,3,2,34,17,589732494
2020-08-18,2020,8,18,3,3,34,18,125127127
2020-08-19,2020,8,19,3,4,34,19,32247666
2020-08-20,2020,8,20,3,5,34,20,31045716
2020-08-21,2020,8,21,3,6,34,21,44467866
2020-08-22,2020,8,22,3,7,34,22,6521099
2020-08-23,2020,8,23,3,1,35,23,197852
2020-08-24,2020,8,24,3,2,35,24,25462684
2020-08-25,2020,8,25,3,3,35,25,17518098
2020-08-26,2020,8,26,3,4,35,26,14336688
2020-08-27,2020,8,27,3,5,35,27,14577349
2020-08-28,2020,8,28,3,6,35,28,427828381
2020-08-29,2020,8,29,3,7,35,29,8861686
2020-08-30,2020,8,30,3,1,36,30,427108
2020-08-31,2020,8,31,3,2,36,31,31636555
2020-09-01,2020,9,1,3,3,36,1,11532623
2020-09-02,2020,9,2,3,4,36,2,19259551
2020-09-03,2020,9,3,3,5,36,3,16409541
2020-09-04,2020,9,4,3,6,36,4,17689579
2020-09-05,2020,9,5,3,7,36,5,8402494
2020-09-06,2020,9,6,3,1,37,6,641421
2020-09-07,2020,9,7,3,2,37,7,20505823
2020-09-08,2020,9,8,3,3,37,8,54606572
2020-09-09,2020,9,9,3,4,37,9,69363757
2020-09-10,2020,9,10,3,5,37,10,137038154
2020-09-11,2020,9,11,3,6,37,11,348862029
2020-09-12,2020,9,12,3,7,37,12,52242338
2020-09-13,2020,9,13,3,1,38,13,304546
2020-09-14,2020,9,14,3,2,38,14,1266037
2020-09-15,2020,9,15,3,3,38,15,4817853
2020-09-16,2020,9,16,3,4,38,16,210486335
2020-09-17,2020,9,17,3,5,38,17,329384021
2020-09-18,2020,9,18,3,6,38,18,420379062
2020-09-19,2020,9,19,3,7,38,19,13369472
2020-09-20,2020,9,20,3,1,39,20,267351
2020-09-21,2020,9,21,3,2,39,21,33707836
2020-09-22,2020,9,22,3,3,39,22,40276117
2020-09-23,2020,9,23,3,4,39,23,20669487
2020-09-24,2020,9,24,3,5,39,24,20573912
2020-09-25,2020,9,25,3,6,39,25,39644928
2020-09-26,2020,9,26,3,7,39,26,6362260
2020-09-27,2020,9,27,3,1,40,27,208704
2020-09-28,2020,9,28,3,2,40,28,25986385
2020-09-29,2020,9,29,3,3,40,29,23696189
2020-09-30,2020,9,30,3,4,40,30,53829186
2020-10-01,2020,10,1,4,5,40,1,400802184
2020-10-02,2020,10,2,4,6,40,2,21322421
2020-10-03,2020,10,3,4,7,40,3,4105007
2020-10-04,2020,10,4,4,1,41,4,155087
2020-10-05,2020,10,5,4,2,41,5,8279482
2020-10-06,2020,10,6,4,3,41,6,24870845
2020-10-07,2020,10,7,4,4,41,7,25989464
2020-10-08,2020,10,8,4,5,41,8,42899310
2020-10-09,2020,10,9,4,6,41,9,47586120
2020-10-10,2020,10,10,4,7,41,10,11618001
2020-10-11,2020,10,11,4,1,42,11,240159
2020-10-12,2020,10,12,4,2,42,12,62431168
2020-10-13,2020,10,13,4,3,42,13,77244772
2020-10-14,2020,10,14,4,4,42,14,115951400
2020-10-15,2020,10,15,4,5,42,15,263187622
2020-10-16,2020,10,16,4,6,42,16,470418517
2020-10-17,2020,10,17,4,7,42,17,39740393
2020-10-18,2020,10,18,4,1,43,18,1193284
2020-10-19,2020,10,19,4,2,43,19,452439668
2020-10-20,2020,10,20,4,3,43,20,47164047
2020-10-21,2020,10,21,4,4,43,21,36785913
2020-10-22,2020,10,22,4,5,43,22,35039272
2020-10-23,2020,10,23,4,6,43,23,34338832
2020-10-24,2020,10,24,4,7,43,24,5940274
2020-10-25,2020,10,25,4,1,44,25,162404
2020-10-26,2020,10,26,4,2,44,26,16443314
2020-10-27,2020,10,27,4,3,44,27,15653832
2020-10-28,2020,10,28,4,4,44,28,31901565
2020-10-29,2020,10,29,4,5,44,29,22650934
2020-10-30,2020,10,30,4,6,44,30,70098098
2020-10-31,2020,10,31,4,7,44,31,0
2020-11-01,2020,11,1,4,1,45,1,275121
2020-11-02,2020,11,2,4,2,45,2,4213630
2020-11-03,2020,11,3,4,3,45,3,395527498
2020-11-04,2020,11,4,4,4,45,4,10056230
2020-11-05,2020,11,5,4,5,45,5,13146518
2020-11-06,2020,11,6,4,6,45,6,20903357
2020-11-07,2020,11,7,4,7,45,7,5845328
2020-11-08,2020,11,8,4,1,46,8,189984
2020-11-09,2020,11,9,4,2,46,9,17052556
2020-11-10,2020,11,10,4,3,46,10,49600705
2020-11-11,2020,11,11,4,4,46,11,48914475
2020-11-12,2020,11,12,4,5,46,12,116338403
2020-11-13,2020,11,13,4,6,46,13,277140561
2020-11-14,2020,11,14,4,7,46,14,23161169
2020-11-15,2020,11,15,4,1,47,15,650291
2020-11-16,2020,11,16,4,2,47,16,418445757
2020-11-17,2020,11,17,4,3,47,17,564352959
2020-11-18,2020,11,18,4,4,47,18,112484172
2020-11-19,2020,11,19,4,5,47,19,67061220
2020-11-20,2020,11,20,4,6,47,20,49756419
2020-11-21,2020,11,21,4,7,47,21,9345616
2020-11-22,2020,11,22,4,1,48,22,173378
2020-11-23,2020,11,23,4,2,48,23,26608898
2020-11-24,2020,11,24,4,3,48,24,17790391
2020-11-25,2020,11,25,4,4,48,25,20718399
2020-11-26,2020,11,26,4,5,48,26,24032799
2020-11-27,2020,11,27,4,6,48,27,429573609
2020-11-28,2020,11,28,4,7,48,28,8023313
2020-11-29,2020,11,29,4,1,49,29,301300
2020-11-30,2020,11,30,4,2,49,30,53668835
2020-12-01,2020,12,1,4,3,49,1,13475758
2020-12-02,2020,12,2,4,4,49,2,11075728
2020-12-03,2020,12,3,4,5,49,3,9113198
2020-12-04,2020,12,4,4,6,49,4,24749496
2020-12-05,2020,12,5,4,7,49,5,8455759
2020-12-06,2020,12,6,4,1,50,6,515594
2020-12-07,2020,12,7,4,2,50,7,8999000
2020-12-08,2020,12,8,4,3,50,8,629069
2020-12-09,2020,12,9,4,4,50,9,39870916
2020-12-10,2020,12,10,4,5,50,10,82740141
2020-12-11,2020,12,11,4,6,50,11,150833436
2020-12-12,2020,12,12,4,7,50,12,14847733
2020-12-13,2020,12,13,4,1,51,13,647137
2020-12-14,2020,12,14,4,2,51,14,122949854
2020-12-15,2020,12,15,4,3,51,15,260498454
2020-12-16,2020,12,16,4,4,51,16,316106446
2020-12-17,2020,12,17,4,5,51,17,588094186
2020-12-18,2020,12,18,4,6,51,18,496378577
2020-12-19,2020,12,19,4,7,51,19,12451719
2020-12-20,2020,12,20,4,1,52,20,228789
2020-12-21,2020,12,21,4,2,52,21,32934398
2020-12-22,2020,12,22,4,3,52,22,46768316
2020-12-23,2020,12,23,4,4,52,23,25880230
2020-12-24,2020,12,24,4,5,52,24,10653180
2020-12-25,2020,12,25,4,6,52,25,68139
2020-12-26,2020,12,26,4,7,52,26,3321904
2020-12-27,2020,12,27,4,1,53,27,212255
2020-12-28,2020,12,28,4,2,53,28,20963026
2020-12-29,2020,12,29,4,3,53,29,414527565
2020-12-30,2020,12,30,4,4,53,30,47969083
2020-12-31,2020,12,31,4,5,53,31,2898096
2021-01-01,2021,1,1,1,6,1,1,1570119
2021-01-02,2021,1,2,1,7,1,2,1806185
2021-01-03,2021,1,3,1,1,2,3,92388
2021-01-04,2021,1,4,1,2,2,4,6881786
2021-01-05,2021,1,5,1,3,2,5,15636704
2021-01-06,2021,1,6,1,4,2,6,13349631
2021-01-07,2021,1,7,1,5,2,7,31714494
2021-01-08,2021,1,8,1,6,2,8,36536651
2021-01-09,2021,1,9,1,7,2,9,13837557
2021-01-10,2021,1,10,1,1,3,10,623214
2021-01-11,2021,1,11,1,2,3,11,42815376
2021-01-12,2021,1,12,1,3,3,12,65281440
2021-01-13,2021,1,13,1,4,3,13,150940589
2021-01-14,2021,1,14,1,5,3,14,228089848
2021-01-15,2021,1,15,1,6,3,15,521433567
2021-01-16,2021,1,16,1,7,3,16,53818005
2021-01-17,2021,1,17,1,1,4,17,2462268
2021-01-18,2021,1,18,1,2,4,18,576899690
2021-01-19,2021,1,19,1,3,4,19,86042949
2021-01-20,2021,1,20,1,4,4,20,32820826
2021-01-21,2021,1,21,1,5,4,21,37003853
2021-01-22,2021,1,22,1,6,4,22,53447256
2021-01-23,2021,1,23,1,7,4,23,8270905
2021-01-24,2021,1,24,1,1,5,24,198625
2021-01-25,2021,1,25,1,2,5,25,15832043
2021-01-26,2021,1,26,1,3,5,26,30015891
2021-01-27,2021,1,27,1,4,5,27,16179773
2021-01-28,2021,1,28,1,5,5,28,29146999
2021-01-29,2021,1,29,1,6,5,29,49597323
2021-01-30,2021,1,30,1,7,5,30,17134943
2021-01-31,2021,1,31,1,1,6,31,546356
2021-02-01,2021,2,1,1,2,6,1,22311572
2021-02-02,2021,2,2,1,3,6,2,16222741
2021-02-03,2021,2,3,1,4,6,3,402554868
2021-02-04,2021,2,4,1,5,6,4,20859927
2021-02-05,2021,2,5,1,6,6,5,34482133
2021-02-06,2021,2,6,1,7,6,6,7895773
2021-02-07,2021,2,7,1,1,7,7,287020
2021-02-08,2021,2,8,1,2,7,8,26364915
2021-02-09,2021,2,9,1,3,7,9,46014544
2021-02-10,2021,2,10,1,4,7,10,85462375
2021-02-11,2021,2,11,1,5,7,11,111439896
2021-02-12,2021,2,12,1,6,7,12,227162424
2021-02-13,2021,2,13,1,7,7,13,20416057
2021-02-14,2021,2,14,1,1,8,14,290115
2021-02-15,2021,2,15,1,2,8,15,168908985
2021-02-16,2021,2,16,1,3,8,16,431765539
2021-02-17,2021,2,17,1,4,8,17,631944448
2021-02-18,2021,2,18,1,5,8,18,65123506
2021-02-19,2021,2,19,1,6,8,19,45093331
2021-02-20,2021,2,20,1,7,8,20,8343975
2021-02-21,2021,2,21,1,1,9,21,399053
2021-02-22,2021,2,22,1,2,9,22,35929057
2021-02-23,2021,2,23,1,3,9,23,32286594
2021-02-24,2021,2,24,1,4,9,24,27445247
2021-02-25,2021,2,25,1,5,9,25,41698222
2021-02-26,2021,2,26,1,6,9,26,60094624
2021-02-27,2021,2,27,1,7,9,27,13327912
2021-02-28,2021,2,28,1,1,10,28,1355776
2021-03-01,2021,3,1,1,2,10,1,20943588
2021-03-02,2021,3,2,1,3,10,2,14444807
2021-03-03,2021,3,3,1,4,10,3,13806032
2021-03-04,2021,3,4,1,5,10,4,22618078
2021-03-05,2021,3,5,1,6,10,5,28693834
2021-03-06,2021,3,6,1,7,10,6,8492579
2021-03-07,2021,3,7,1,1,11,7,513228
2021-03-08,2021,3,8,1,2,11,8,25359494
2021-03-09,2021,3,9,1,3,11,9,47466301
2021-03-10,2021,3,10,1,4,11,10,59717528
2021-03-11,2021,3,11,1,5,11,11,99913431
2021-03-12,2021,3,12,1,6,11,12,205489018
2021-03-13,2021,3,13,1,7,11,13,23145867
2021-03-14,2021,3,14,1,1,12,14,441577
2021-03-15,2021,3,15,1,2,12,15,196792242
2021-03-16,2021,3,16,1,3,12,16,382307850
2021-03-17,2021,3,17,1,4,12,17,1041110860
2021-03-18,2021,3,18,1,5,12,18,83563234
2021-03-19,2021,3,19,1,6,12,19,50121016
2021-03-20,2021,3,20,1,7,12,20,14768235
2021-03-21,2021,3,21,1,1,13,21,295650
2021-03-22,2021,3,22,1,2,13,22,35115320
2021-03-23,2021,3,23,1,3,13,23,28545064
2021-03-24,2021,3,24,1,4,13,24,32389146
2021-03-25,2021,3,25,1,5,13,25,24621848
2021-03-26,2021,3,26,1,6,13,26,47851586
2021-03-27,2021,3,27,1,7,13,27,8348477
2021-03-28,2021,3,28,1,1,14,28,185586
2021-03-29,2021,3,29,1,2,14,29,19760510
2021-03-30,2021,3,30,1,3,14,30,29668644
2021-03-31,2021,3,31,1,4,14,31,29406944
2021-04-01,2021,4,1,2,5,14,1,357135
2021-04-02,2021,4,2,2,6,14,2,138358
2021-04-03,2021,4,3,2,7,14,3,147042
2021-04-04,2021,4,4,2,1,15,4,88654
2021-04-05,2021,4,5,2,2,15,5,12755474
2021-04-06,2021,4,6,2,3,15,6,20394747
2021-04-07,2021,4,7,2,4,15,7,8409702
2021-04-08,2021,4,8,2,5,15,8,26941621
2021-04-09,2021,4,9,2,6,15,9,33279729
2021-04-10,2021,4,10,2,7,15,10,9923149
2021-04-11,2021,4,11,2,1,16,11,197111
2021-04-12,2021,4,12,2,2,16,12,48423343
2021-04-13,2021,4,13,2,3,16,13,96454228
2021-04-14,2021,4,14,2,4,16,14,185811879
2021-04-15,2021,4,15,2,5,16,15,297246904
2021-04-16,2021,4,16,2,6,16,16,500856782
2021-04-17,2021,4,17,2,7,16,17,43639157
2021-04-18,2021,4,18,2,1,17,18,2265258
2021-04-19,2021,4,19,2,2,17,19,934432276
2021-04-20,2021,4,20,2,3,17,20,66471049
2021-04-21,2021,4,21,2,4,17,21,72615870
2021-04-22,2021,4,22,2,5,17,22,30500116
2021-04-23,2021,4,23,2,6,17,23,47489957
2021-04-24,2021,4,24,2,7,17,24,10190891
2021-04-25,2021,4,25,2,1,18,25,248201
2021-04-26,2021,4,26,2,2,18,26,23387730
2021-04-27,2021,4,27,2,3,18,27,22411212
2021-04-28,2021,4,28,2,4,18,28,26161573
2021-04-29,2021,4,29,2,5,18,29,47129501
2021-04-30,2021,4,30,2,6,18,30,61108322
2021-05-01,2021,5,1,2,7,18,1,3787170
2021-05-02,2021,5,2,2,1,19,2,193477
2021-05-03,2021,5,3,2,2,19,3,6476714
2021-05-04,2021,5,4,2,3,19,4,12254400
2021-05-05,2021,5,5,2,4,19,5,16106522
2021-05-06,2021,5,6,2,5,19,6,24452310
2021-05-07,2021,5,7,2,6,19,7,46766620
2021-05-08,2021,5,8,2,7,19,8,7120289
2021-05-09,2021,5,9,2,1,20,9,285222
2021-05-10,2021,5,10,2,2,20,10,38924735
2021-05-11,2021,5,11,2,3,20,11,53039884
2021-05-12,2021,5,12,2,4,20,12,85297126
2021-05-13,2021,5,13,2,5,20,13,207154348
2021-05-14,2021,5,14,2,6,20,14,587915204
2021-05-15,2021,5,15,2,7,20,15,45352202
2021-05-16,2021,5,16,2,1,21,16,902817
2021-05-17,2021,5,17,2,2,21,17,1053006146
2021-05-18,2021,5,18,2,3,21,18,126988666
2021-05-19,2021,5,19,2,4,21,19,57941083
2021-05-20,2021,5,20,2,5,21,20,35184894
2021-05-21,2021,5,21,2,6,21,21,58053198
2021-05-22,2021,5,22,2,7,21,22,10836541
2021-05-23,2021,5,23,2,1,22,23,295150
2021-05-24,2021,5,24,2,2,22,24,21010451
2021-05-25,2021,5,25,2,3,22,25,26027300
2021-05-26,2021,5,26,2,4,22,26,24794111
2021-05-27,2021,5,27,2,5,22,27,39134687
2021-05-28,2021,5,28,2,6,22,28,47543848
2021-05-29,2021,5,29,2,7,22,29,8191638
2021-05-30,2021,5,30,2,1,23,30,180863
2021-05-31,2021,5,31,2,2,23,31,40067863
2021-06-01,2021,6,1,2,3,23,1,9419462
2021-06-02,2021,6,2,2,4,23,2,13570413
2021-06-03,2021,6,3,2,5,23,3,8294083
2021-06-04,2021,6,4,2,6,23,4,26828366
2021-06-05,2021,6,5,2,7,23,5,6934167
2021-06-06,2021,6,6,2,1,24,6,312034
2021-06-07,2021,6,7,2,2,24,7,24394104
2021-06-08,2021,6,8,2,3,24,8,35822491
2021-06-09,2021,6,9,2,4,24,9,67125398
2021-06-10,2021,6,10,2,5,24,10,94464560
2021-06-11,2021,6,11,2,6,24,11,157093787
2021-06-12,2021,6,12,2,7,24,12,16888200
2021-06-13,2021,6,13,2,1,25,13,649738
2021-06-14,2021,6,14,2,2,25,14,147376398
2021-06-15,2021,6,15,2,3,25,15,253063854
2021-06-16,2021,6,16,2,4,25,16,885847034
2021-06-17,2021,6,17,2,5,25,17,558656008
2021-06-18,2021,6,18,2,6,25,18,102309895
2021-06-19,2021,6,19,2,7,25,19,15352056
2021-06-20,2021,6,20,2,1,26,20,270211
2021-06-21,2021,6,21,2,2,26,21,31700831
2021-06-22,2021,6,22,2,3,26,22,37061787
2021-06-23,2021,6,23,2,4,26,23,35967366
2021-06-24,2021,6,24,2,5,26,24,20936497
2021-06-25,2021,6,25,2,6,26,25,36035720
2021-06-26,2021,6,26,2,7,26,26,9057420
2021-06-27,2021,6,27,2,1,27,27,156374
2021-06-28,2021,6,28,2,2,27,28,20175460
2021-06-29,2021,6,29,2,3,27,29,40485615
2021-06-30,2021,6,30,2,4,27,30,42576620
2021-07-01,2021,7,1,3,5,27,1,18380672
2021-07-02,2021,7,2,3,6,27,2,17325738
2021-07-03,2021,7,3,3,7,27,3,5505534
2021-07-04,2021,7,4,3,1,28,4,112072
2021-07-05,2021,7,5,3,2,28,5,9897198
2021-07-06,2021,7,6,3,3,28,6,21175343
2021-07-07,2021,7,7,3,4,28,7,25919350
2021-07-08,2021,7,8,3,5,28,8,44016954
2021-07-09,2021,7,9,3,6,28,9,81758732
2021-07-10,2021,7,10,3,7,28,10,8934209
2021-07-11,2021,7,11,3,1,29,11,255880
2021-07-12,2021,7,12,3,2,29,12,69959212
2021-07-13,2021,7,13,3,3,29,13,76037213
2021-07-14,2021,7,14,3,4,29,14,198626346
2021-07-15,2021,7,15,3,5,29,15,683476105
2021-07-16,2021,7,16,3,6,29,16,509337138
2021-07-17,2021,7,17,3,7,29,17,61007834
2021-07-18,2021,7,18,3,1,30,18,815957
2021-07-19,2021,7,19,3,2,30,19,21189039
2021-07-20,2021,7,20,3,3,30,20,400056175
2021-07-21,2021,7,21,3,4,30,21,90506738
2021-07-22,2021,7,22,3,5,30,22,50986315
2021-07-23,2021,7,23,3,6,30,23,55766772
2021-07-24,2021,7,24,3,7,30,24,8403193
2021-07-25,2021,7,25,3,1,31,25,235363
2021-07-26,2021,7,26,3,2,31,26,40881127
2021-07-27,2021,7,27,3,3,31,27,29095655
2021-07-28,2021,7,28,3,4,31,28,16280226
2021-07-29,2021,7,29,3,5,31,29,40176062
2021-07-30,2021,7,30,3,6,31,30,72056382
2021-07-31,2021,7,31,3,7,31,31,18123143
2021-08-01,2021,8,1,3,1,32,1,9419462
2021-08-02,2021,8,2,3,2,32,2,13570413
2021-08-03,2021,8,3,3,3,32,3,8294083
2021-08-04,2021,8,4,3,4,32,4,26828366
2021-08-05,2021,8,5,3,5,32,5,6934167
2021-08-06,2021,8,6,3,6,32,6,312034
2021-08-07,2021,8,7,3,7,32,7,24394104
2021-08-08,2021,8,8,3,1,33,8,35822491
2021-08-09,2021,8,9,3,2,33,9,67125398
2021-08-10,2021,8,10,3,3,33,10,94464560
2021-08-11,2021,8,11,3,4,33,11,157093787
2021-08-12,2021,8,12,3,5,33,12,16888200
2021-08-13,2021,8,13,3,6,33,13,649738
2021-08-14,2021,8,14,3,7,33,14,147376398
2021-08-15,2021,8,15,3,1,34,15,253063854
2021-08-16,2021,8,16,3,2,34,16,885847034
2021-08-17,2021,8,17,3,3,34,17,558656008
2021-08-18,2021,8,18,3,4,34,18,102309895
2021-08-19,2021,8,19,3,5,34,19,15352056
2021-08-20,2021,8,20,3,6,34,20,270211
2021-08-21,2021,8,21,3,7,34,21,31700831
2021-08-22,2021,8,22,3,1,35,22,37061787
2021-08-23,2021,8,23,3,2,35,23,35967366
2021-08-24,2021,8,24,3,3,35,24,20936497
2021-08-25,2021,8,25,3,4,35,25,36035720
2021-08-26,2021,8,26,3,5,35,26,9057420
2021-08-27,2021,8,27,3,6,35,27,156374
2021-08-28,2021,8,28,3,7,35,28,20175460
2021-08-29,2021,8,29,3,1,36,29,40485615
2021-08-30,2021,8,30,3,2,36,30,42576620
2021-08-31,2021,8,31,3,3,36,31,0
2021-09-01,2021,9,1,3,4,36,1,8590508
2021-09-02,2021,9,2,3,5,36,2,12767997
2021-09-03,2021,9,3,3,6,36,3,16838049
2021-09-04,2021,9,4,3,7,36,4,7605359
2021-09-05,2021,9,5,3,1,37,5,506101
2021-09-06,2021,9,6,3,2,37,6,38412453
2021-09-07,2021,9,7,3,3,37,7,34517606
2021-09-08,2021,9,8,3,4,37,8,80094473
2021-09-09,2021,9,9,3,5,37,9,103013655
2021-09-10,2021,9,10,3,6,37,10,665747605
2021-09-11,2021,9,11,3,7,37,11,35124480
2021-09-12,2021,9,12,3,1,38,12,304831
2021-09-13,2021,9,13,3,2,38,13,202700674
2021-09-14,2021,9,14,3,3,38,14,7190168
2021-09-15,2021,9,15,3,4,38,15,3112360
2021-09-16,2021,9,16,3,5,38,16,413019462
2021-09-17,2021,9,17,3,6,38,17,611610056
2021-09-18,2021,9,18,3,7,38,18,34433626
2021-09-19,2021,9,19,3,1,39,19,680168
2021-09-20,2021,9,20,3,2,39,20,73839577
2021-09-21,2021,9,21,3,3,39,21,68234223
2021-09-22,2021,9,22,3,4,39,22,32612048
2021-09-23,2021,9,23,3,5,39,23,37173538
2021-09-24,2021,9,24,3,6,39,24,36346372
2021-09-25,2021,9,25,3,7,39,25,11142754
2021-09-26,2021,9,26,3,1,40,26,141000
2021-09-27,2021,9,27,3,2,40,27,23764604
2021-09-28,2021,9,28,3,3,40,28,29485422
2021-09-29,2021,9,29,3,4,40,29,33396099
2021-09-30,2021,9,30,3,5,40,30,54703702
2021-10-01,2021,10,1,4,6,40,1,9419462
2021-10-02,2021,10,2,4,7,40,2,13570413
2021-10-03,2021,10,3,4,1,41,3,8294083
2021-10-04,2021,10,4,4,2,41,4,26828366
2021-10-05,2021,10,5,4,3,41,5,6934167
2021-10-06,2021,10,6,4,4,41,6,312034
2021-10-07,2021,10,7,4,5,41,7,24394104
2021-10-08,2021,10,8,4,6,41,8,35822491
2021-10-09,2021,10,9,4,7,41,9,67125398
2021-10-10,2021,10,10,4,1,42,10,94464560
2021-10-11,2021,10,11,4,2,42,11,157093787
2021-10-12,2021,10,12,4,3,42,12,16888200
2021-10-13,2021,10,13,4,4,42,13,649738
2021-10-14,2021,10,14,4,5,42,14,147376398
2021-10-15,2021,10,15,4,6,42,15,253063854
2021-10-16,2021,10,16,4,7,42,16,885847034
2021-10-17,2021,10,17,4,1,43,17,558656008
2021-10-18,2021,10,18,4,2,43,18,102309895
2021-10-19,2021,10,19,4,3,43,19,15352056
2021-10-20,2021,10,20,4,4,43,20,270211
2021-10-21,2021,10,21,4,5,43,21,31700831
2021-10-22,2021,10,22,4,6,43,22,37061787
2021-10-23,2021,10,23,4,7,43,23,35967366
2021-10-24,2021,10,24,4,1,44,24,20936497
2021-10-25,2021,10,25,4,2,44,25,36035720
2021-10-26,2021,10,26,4,3,44,26,9057420
2021-10-27,2021,10,27,4,4,44,27,156374
2021-10-28,2021,10,28,4,5,44,28,20175460
2021-10-29,2021,10,29,4,6,44,29,40485615
2021-10-30,2021,10,30,4,7,44,30,42576620
2021-10-31,2021,10,31,4,1,45,31,0
2021-11-01,2021,11,1,4,2,45,1,6939708
2021-11-02,2021,11,2,4,3,45,2,4015644
2021-11-03,2021,11,3,4,4,45,3,11408624
2021-11-04,2021,11,4,4,5,45,4,10054538
2021-11-05,2021,11,5,4,6,45,5,27660086
2021-11-06,2021,11,6,4,7,45,6,8633026
2021-11-07,2021,11,7,4,1,46,7,208578
2021-11-08,2021,11,8,4,2,46,8,34926966
2021-11-09,2021,11,9,4,3,46,9,68756046
2021-11-10,2021,11,10,4,4,46,10,68999232
2021-11-11,2021,11,11,4,5,46,11,123228060
2021-11-12,2021,11,12,4,6,46,12,279111536
2021-11-13,2021,11,13,4,7,46,13,17914200
2021-11-14,2021,11,14,4,1,47,14,1536562
2021-11-15,2021,11,15,4,2,47,15,197005978
2021-11-16,2021,11,16,4,3,47,16,444135454
2021-11-17,2021,11,17,4,4,47,17,602203392
2021-11-18,2021,11,18,4,5,47,18,499538151
2021-11-19,2021,11,19,4,6,47,19,72461703
2021-11-20,2021,11,20,4,7,47,20,7352308
2021-11-21,2021,11,21,4,1,48,21,392824
2021-11-22,2021,11,22,4,2,48,22,39573201
2021-11-23,2021,11,23,4,3,48,23,35262447
2021-11-24,2021,11,24,4,4,48,24,23122953
2021-11-25,2021,11,25,4,5,48,25,31963849
2021-11-26,2021,11,26,4,6,48,26,38804651
2021-11-27,2021,11,27,4,7,48,27,6907801
2021-11-28,2021,11,28,4,1,49,28,202269
2021-11-29,2021,11,29,4,2,49,29,26463777
2021-11-30,2021,11,30,4,3,49,30,47149980
2021-12-01,2021,12,1,4,4,49,1,13148262
2021-12-02,2021,12,2,4,5,49,2,7382444
2021-12-03,2021,12,3,4,6,49,3,25953532
2021-12-04,2021,12,4,4,7,49,4,8414433
2021-12-05,2021,12,5,4,1,50,5,467719
2021-12-06,2021,12,6,4,2,50,6,34284630
2021-12-07,2021,12,7,4,3,50,7,23237932
2021-12-08,2021,12,8,4,4,50,8,1291890
2021-12-09,2021,12,9,4,5,50,9,83314997
2021-12-10,2021,12,10,4,6,50,10,121535259
2021-12-11,2021,12,11,4,7,50,11,21765629
2021-12-12,2021,12,12,4,1,51,12,1002012
2021-12-13,2021,12,13,4,2,51,13,100421969
2021-12-14,2021,12,14,4,3,51,14,205498726
2021-12-15,2021,12,15,4,4,51,15,251889372
2021-12-16,2021,12,16,4,5,51,16,348586773
2021-12-17,2021,12,17,4,6,51,17,665447024
2021-12-18,2021,12,18,4,7,51,18,30921979
2021-12-19,2021,12,19,4,1,52,19,2033763
2021-12-20,2021,12,20,4,2,52,20,55366737
2021-12-21,2021,12,21,4,3,52,21,474633007
2021-12-22,2021,12,22,4,4,52,22,28269030
2021-12-23,2021,12,23,4,5,52,23,44646318
2021-12-24,2021,12,24,4,6,52,24,14163609
2021-12-25,2021,12,25,4,7,52,25,434211
2021-12-26,2021,12,26,4,1,53,26,334496
2021-12-27,2021,12,27,4,2,53,27,453767853
2021-12-28,2021,12,28,4,3,53,28,22067184
2021-12-29,2021,12,29,4,4,53,29,25199910
2021-12-30,2021,12,30,4,5,53,30,47118912
2021-12-31,2021,12,31,4,6,53,31,6543313
2022-01-01,2022,1,1,1,7,1,1,995903
2022-01-02,2022,1,2,1,1,2,2,174737
2022-01-03,2022,1,3,1,2,2,3,15115771
2022-01-04,2022,1,4,1,3,2,4,11424903
2022-01-05,2022,1,5,1,4,2,5,18396612
2022-01-06,2022,1,6,1,5,2,6,31577618
2022-01-07,2022,1,7,1,6,2,7,38124935
2022-01-08,2022,1,8,1,7,2,8,7279750
2022-01-09,2022,1,9,1,1,3,9,148398
2022-01-10,2022,1,10,1,2,3,10,47818120
2022-01-11,2022,1,11,1,3,3,11,130114924
2022-01-12,2022,1,12,1,4,3,12,100591078
2022-01-13,2022,1,13,1,5,3,13,173755204
2022-01-14,2022,1,14,1,6,3,14,509637750
2022-01-15,2022,1,15,1,7,3,15,52424265
2022-01-16,2022,1,16,1,1,4,16,2363939
2022-01-17,2022,1,17,1,2,4,17,807257080
2022-01-18,2022,1,18,1,3,4,18,133718950
2022-01-19,2022,1,19,1,4,4,19,59314689
2022-01-20,2022,1,20,1,5,4,20,53265411
2022-01-21,2022,1,21,1,6,4,21,61707319
2022-01-22,2022,1,22,1,7,4,22,7730617
2022-01-23,2022,1,23,1,1,5,23,120271
2022-01-24,2022,1,24,1,2,5,24,34883846
2022-01-25,2022,1,25,1,3,5,25,38282452
2022-01-26,2022,1,26,1,4,5,26,41218129
2022-01-27,2022,1,27,1,5,5,27,29342012
2022-01-28,2022,1,28,1,6,5,28,33960400
2022-01-29,2022,1,29,1,7,5,29,7586008
2022-01-30,2022,1,30,1,1,6,30,1887752
2022-01-31,2022,1,31,1,2,6,31,46842737
2022-02-01,2022,2,1,1,3,6,1,8348957
2022-02-02,2022,2,2,1,4,6,2,11572354
2022-02-03,2022,2,3,1,5,6,3,12780064
2022-02-04,2022,2,4,1,6,6,4,29625811
2022-02-05,2022,2,5,1,7,6,5,8552900
2022-02-06,2022,2,6,1,1,7,6,427719
2022-02-07,2022,2,7,1,2,7,7,45002748
2022-02-08,2022,2,8,1,3,7,8,28459598
2022-02-09,2022,2,9,1,4,7,9,47063420
2022-02-10,2022,2,10,1,5,7,10,103463416
2022-02-11,2022,2,11,1,6,7,11,162609859
2022-02-12,2022,2,12,1,7,7,12,13847294
2022-02-13,2022,2,13,1,1,8,13,630838
2022-02-14,2022,2,14,1,2,8,14,112881561
2022-02-15,2022,2,15,1,3,8,15,325693219
2022-02-16,2022,2,16,1,4,8,16,432866860
2022-02-17,2022,2,17,1,5,8,17,616436523
2022-02-18,2022,2,18,1,6,8,18,532272278
2022-02-19,2022,2,19,1,7,8,19,21999782
2022-02-20,2022,2,20,1,1,9,20,452183
2022-02-21,2022,2,21,1,2,9,21,67482082
2022-02-22,2022,2,22,1,3,9,22,33995608
2022-02-23,2022,2,23,1,4,9,23,27750309
2022-02-24,2022,2,24,1,5,9,24,41821833
2022-02-25,2022,2,25,1,6,9,25,55226359
2022-02-26,2022,2,26,1,7,9,26,7127760
2022-02-27,2022,2,27,1,1,10,27,699300
2022-02-28,2022,2,28,1,2,10,28,61759845
2022-03-01,2022,3,1,1,3,10,1,20865181
2022-03-02,2022,3,2,1,4,10,2,20900249
2022-03-03,2022,3,3,1,5,10,3,14020528
2022-03-04,2022,3,4,1,6,10,4,37020108
2022-03-05,2022,3,5,1,7,10,5,6613527
2022-03-06,2022,3,6,1,1,11,6,464749
2022-03-07,2022,3,7,1,2,11,7,26360504
2022-03-08,2022,3,8,1,3,11,8,43587183
2022-03-09,2022,3,9,1,4,11,9,63851279
2022-03-10,2022,3,10,1,5,11,10,84083940
2022-03-11,2022,3,11,1,6,11,11,166734504
2022-03-12,2022,3,12,1,7,11,12,8950468
2022-03-13,2022,3,13,1,1,12,13,426589
2022-03-14,2022,3,14,1,2,12,14,102614623
2022-03-15,2022,3,15,1,3,12,15,257300472
2022-03-16,2022,3,16,1,4,12,16,422470077
2022-03-17,2022,3,17,1,5,12,17,1183314823
2022-03-18,2022,3,18,1,6,12,18,134972864
2022-03-19,2022,3,19,1,7,12,19,14198121
2022-03-20,2022,3,20,1,1,13,20,146483
2022-03-21,2022,3,21,1,2,13,21,38033241
2022-03-22,2022,3,22,1,3,13,22,24487972
2022-03-23,2022,3,23,1,4,13,23,26463018
2022-03-24,2022,3,24,1,5,13,24,38765929
2022-03-25,2022,3,25,1,6,13,25,58875620
2022-03-26,2022,3,26,1,7,13,26,16223299
2022-03-27,2022,3,27,1,1,14,27,663542
2022-03-28,2022,3,28,1,2,14,28,24107338
2022-03-29,2022,3,29,1,3,14,29,27330084
2022-03-30,2022,3,30,1,4,14,30,32332663
2022-03-31,2022,3,31,1,5,14,31,32824505
2022-04-01,2022,4,1,2,6,14,1,17730189
2022-04-02,2022,4,2,2,7,14,2,7294552
2022-04-03,2022,4,3,2,1,15,3,79430
2022-04-04,2022,4,4,2,2,15,4,23421450
2022-04-05,2022,4,5,2,3,15,5,7660085
2022-04-06,2022,4,6,2,4,15,6,31551267
2022-04-07,2022,4,7,2,5,15,7,79268931
2022-04-08,2022,4,8,2,6,15,8,626776433
2022-04-09,2022,4,9,2,7,15,9,27635430
2022-04-10,2022,4,10,2,1,16,10,3163311
2022-04-11,2022,4,11,2,2,16,11,111637744
2022-04-12,2022,4,12,2,3,16,12,254946446
2022-04-13,2022,4,13,2,4,16,13,264199806
2022-04-14,2022,4,14,2,5,16,14,620841
2022-04-15,2022,4,15,2,6,16,15,875264
2022-04-16,2022,4,16,2,7,16,16,465765
2022-04-17,2022,4,17,2,1,17,17,658922
2022-04-18,2022,4,18,2,2,17,18,396438421
2022-04-19,2022,4,19,2,3,17,19,665031889
2022-04-20,2022,4,20,2,4,17,20,93886925
2022-04-21,2022,4,21,2,5,17,21,36891824
2022-04-22,2022,4,22,2,6,17,22,73457612
2022-04-23,2022,4,23,2,7,17,23,11741535
2022-04-24,2022,4,24,2,1,18,24,217858
2022-04-25,2022,4,25,2,2,18,25,37309350
2022-04-26,2022,4,26,2,3,18,26,43597703
2022-04-27,2022,4,27,2,4,18,27,23982877
2022-04-28,2022,4,28,2,5,18,28,36682912
2022-04-29,2022,4,29,2,6,18,29,69138070
2022-04-30,2022,4,30,2,7,18,30,16979776
2022-05-01,2022,5,1,2,1,19,1,516910
2022-05-02,2022,5,2,2,2,19,2,467472
2022-05-03,2022,5,3,2,3,19,3,22214252
2022-05-04,2022,5,4,2,4,19,4,13694567
2022-05-05,2022,5,5,2,5,19,5,18049998
2022-05-06,2022,5,6,2,6,19,6,41768558
2022-05-07,2022,5,7,2,7,19,7,9715067
2022-05-08,2022,5,8,2,1,20,8,411210
2022-05-09,2022,5,9,2,2,20,9,39520573
2022-05-10,2022,5,10,2,3,20,10,59716533
2022-05-11,2022,5,11,2,4,20,11,74404588
2022-05-12,2022,5,12,2,5,20,12,182517417
2022-05-13,2022,5,13,2,6,20,13,336143435
2022-05-14,2022,5,14,2,7,20,14,32783867
2022-05-15,2022,5,15,2,1,21,15,666131
2022-05-16,2022,5,16,2,2,21,16,876776158
2022-05-17,2022,5,17,2,3,21,17,918130615
2022-05-18,2022,5,18,2,4,21,18,71284933
2022-05-19,2022,5,19,2,5,21,19,59632434
2022-05-20,2022,5,20,2,6,21,20,65445318
2022-05-21,2022,5,21,2,7,21,21,10653029
2022-05-22,2022,5,22,2,1,22,22,181661
2022-05-23,2022,5,23,2,2,22,23,36064011
2022-05-24,2022,5,24,2,3,22,24,24965802
2022-05-25,2022,5,25,2,4,22,25,40364492
2022-05-26,2022,5,26,2,5,22,26,27281369
2022-05-27,2022,5,27,2,6,22,27,42680647
2022-05-28,2022,5,28,2,7,22,28,15383389
2022-05-29,2022,5,29,2,1,23,29,390605
2022-05-30,2022,5,30,2,2,23,30,1249576
2022-05-31,2022,5,31,2,3,23,31,46345974
2022-06-01,2022,6,1,2,4,23,1,11247392
2022-06-02,2022,6,2,2,5,23,2,16485433
2022-06-03,2022,6,3,2,6,23,3,15704042
2022-06-04,2022,6,4,2,7,23,4,9379082
2022-06-05,2022,6,5,2,1,24,5,604454
2022-06-06,2022,6,6,2,2,24,6,32651297
2022-06-07,2022,6,7,2,3,24,7,33892637
2022-06-08,2022,6,8,2,4,24,8,476386291
2022-06-09,2022,6,9,2,5,24,9,69379997
2022-06-10,2022,6,10,2,6,24,10,139208885
2022-06-11,2022,6,11,2,7,24,11,11758226
2022-06-12,2022,6,12,2,1,25,12,289499
2022-06-13,2022,6,13,2,2,25,13,101464762
2022-06-14,2022,6,14,2,3,25,14,208607584
2022-06-15,2022,6,15,2,4,25,15,256399734
2022-06-16,2022,6,16,2,5,25,16,575057453
2022-06-17,2022,6,17,2,6,25,17,594586039
2022-06-18,2022,6,18,2,7,25,18,23026497
2022-06-19,2022,6,19,2,1,26,19,132846
2022-06-20,2022,6,20,2,2,26,20,55672627
2022-06-21,2022,6,21,2,3,26,21,36003301
2022-06-22,2022,6,22,2,4,26,22,26375112
2022-06-23,2022,6,23,2,5,26,23,63308009
2022-06-24,2022,6,24,2,6,26,24,54057025
2022-06-25,2022,6,25,2,7,26,25,5414716
2022-06-26,2022,6,26,2,1,27,26,193287
2022-06-27,2022,6,27,2,2,27,27,22799211
2022-06-28,2022,6,28,2,3,27,28,28737236
2022-06-29,2022,6,29,2,4,27,29,19722814
2022-06-30,2022,6,30,2,5,27,30,82976089
2022-07-01,2022,7,1,3,6,27,1,17547539
2022-07-02,2022,7,2,3,7,27,2,3903728
2022-07-03,2022,7,3,3,1,28,3,155731
2022-07-04,2022,7,4,3,2,28,4,11255573
2022-07-05,2022,7,5,3,3,28,5,9303458
2022-07-06,2022,7,6,3,4,28,6,29736475
2022-07-07,2022,7,7,3,5,28,7,36487584
2022-07-08,2022,7,8,3,6,28,8,64226996
2022-07-09,2022,7,9,3,7,28,9,6582804
2022-07-10,2022,7,10,3,1,29,10,258420
2022-07-11,2022,7,11,3,2,29,11,486104325
2022-07-12,2022,7,12,3,3,29,12,116054788
2022-07-13,2022,7,13,3,4,29,13,237466195
2022-07-14,2022,7,14,3,5,29,14,276954766
2022-07-15,2022,7,15,3,6,29,15,582515508
2022-07-16,2022,7,16,3,7,29,16,47195401
2022-07-17,2022,7,17,3,1,30,17,5520495
2022-07-18,2022,7,18,3,2,30,18,581185314
2022-07-19,2022,7,19,3,3,30,19,11270975
2022-07-20,2022,7,20,3,4,30,20,65695073
2022-07-21,2022,7,21,3,5,30,21,44267595
2022-07-22,2022,7,22,3,6,30,22,52191863
2022-07-23,2022,7,23,3,7,30,23,7718058
2022-07-24,2022,7,24,3,1,31,24,171881
2022-07-25,2022,7,25,3,2,31,25,49064508
2022-07-26,2022,7,26,3,3,31,26,38080399
2022-07-27,2022,7,27,3,4,31,27,34837541
2022-07-28,2022,7,28,3,5,31,28,45743881
2022-07-29,2022,7,29,3,6,31,29,35999248
2022-07-30,2022,7,30,3,7,31,30,41136887
2022-07-31,2022,7,31,3,1,32,31,564255
2022-08-01,2022,8,1,3,2,32,1,4417556
2022-08-02,2022,8,2,3,3,32,2,11654157
2022-08-03,2022,8,3,3,4,32,3,9006212
2022-08-04,2022,8,4,3,5,32,4,12396735
2022-08-05,2022,8,5,3,6,32,5,52522774
2022-08-06,2022,8,6,3,7,32,6,7025543
2022-08-07,2022,8,7,3,1,33,7,392069
2022-08-08,2022,8,8,3,2,33,8,34622701
2022-08-09,2022,8,9,3,3,33,9,77822787
2022-08-10,2022,8,10,3,4,33,10,20979559
2022-08-11,2022,8,11,3,5,33,11,521283067
2022-08-12,2022,8,12,3,6,33,12,294947348
2022-08-13,2022,8,13,3,7,33,13,29915872
2022-08-14,2022,8,14,3,1,34,14,1968765
2022-08-15,2022,8,15,3,2,34,15,237699425
2022-08-16,2022,8,16,3,3,34,16,616097177
2022-08-17,2022,8,17,3,4,34,17,697290817
2022-08-18,2022,8,18,3,5,34,18,109874105
2022-08-19,2022,8,19,3,6,34,19,83298527
2022-08-20,2022,8,20,3,7,34,20,12118059
2022-08-21,2022,8,21,3,1,35,21,696173
2022-08-22,2022,8,22,3,2,35,22,56199331
2022-08-23,2022,8,23,3,3,35,23,28002459
2022-08-24,2022,8,24,3,4,35,24,22400717
2022-08-25,2022,8,25,3,5,35,25,20308527
2022-08-26,2022,8,26,3,6,35,26,35437789
2022-08-27,2022,8,27,3,7,35,27,7825579
2022-08-28,2022,8,28,3,1,36,28,290088
2022-08-29,2022,8,29,3,2,36,29,23620062
2022-08-30,2022,8,30,3,3,36,30,27747461
2022-08-31,2022,8,31,3,4,36,31,49818712
2022-09-01,2022,9,1,3,5,36,1,9355874
2022-09-02,2022,9,2,3,6,36,2,17389564
2022-09-03,2022,9,3,3,7,36,3,4118118
2022-09-04,2022,9,4,3,1,37,4,138461
2022-09-05,2022,9,5,3,2,37,5,10659219
2022-09-06,2022,9,6,3,3,37,6,28874289
2022-09-07,2022,9,7,3,4,37,7,51031400
2022-09-08,2022,9,8,3,5,37,8,85685398
2022-09-09,2022,9,9,3,6,37,9,199375516
2022-09-10,2022,9,10,3,7,37,10,20109363
2022-09-11,2022,9,11,3,1,38,11,254699
2022-09-12,2022,9,12,3,2,38,12,182794672
2022-09-13,2022,9,13,3,3,38,13,336887900
2022-09-14,2022,9,14,3,4,38,14,13044132
2022-09-15,2022,9,15,3,5,38,15,1590736
2022-09-16,2022,9,16,3,6,38,16,352866891
2022-09-17,2022,9,17,3,7,38,17,37375713
2022-09-18,2022,9,18,3,1,39,18,1065808
2022-09-19,2022,9,19,3,2,39,19,1137252831
2022-09-20,2022,9,20,3,3,39,20,103622210
2022-09-21,2022,9,21,3,4,39,21,52013090
2022-09-22,2022,9,22,3,5,39,22,24927296
2022-09-23,2022,9,23,3,6,39,23,92789842
2022-09-24,2022,9,24,3,7,39,24,6027121
2022-09-25,2022,9,25,3,1,40,25,250481
2022-09-26,2022,9,26,3,2,40,26,46455806
2022-09-27,2022,9,27,3,3,40,27,29596288
2022-09-28,2022,9,28,3,4,40,28,21338837
2022-09-29,2022,9,29,3,5,40,29,22145672
2022-09-30,2022,9,30,3,6,40,30,55618091
2022-10-01,2022,10,1,4,7,40,1,8399853
2022-10-02,2022,10,2,4,1,41,2,139369
2022-10-03,2022,10,3,4,2,41,3,17896150
2022-10-04,2022,10,4,4,3,41,4,14791768
2022-10-05,2022,10,5,4,4,41,5,9013192
2022-10-06,2022,10,6,4,5,41,6,30354757
2022-10-07,2022,10,7,4,6,41,7,68391612
2022-10-08,2022,10,8,4,7,41,8,11298669
2022-10-09,2022,10,9,4,1,42,9,187291
2022-10-10,2022,10,10,4,2,42,10,474913382
2022-10-11,2022,10,11,4,3,42,11,104245274
2022-10-12,2022,10,12,4,4,42,12,91476813
2022-10-13,2022,10,13,4,5,42,13,244298515
2022-10-14,2022,10,14,4,6,42,14,474514526
2022-10-15,2022,10,15,4,7,42,15,65096982
2022-10-16,2022,10,16,4,1,43,16,938760
2022-10-17,2022,10,17,4,2,43,17,817209121
2022-10-18,2022,10,18,4,3,43,18,117325274
2022-10-19,2022,10,19,4,4,43,19,76088926
2022-10-20,2022,10,20,4,5,43,20,41777413
2022-10-21,2022,10,21,4,6,43,21,64158071
2022-10-22,2022,10,22,4,7,43,22,8348477
2022-10-23,2022,10,23,4,1,44,23,163501
2022-10-24,2022,10,24,4,2,44,24,34776896
2022-10-25,2022,10,25,4,3,44,25,34030035
2022-10-26,2022,10,26,4,4,44,26,25587377
2022-10-27,2022,10,27,4,5,44,27,22068811
2022-10-28,2022,10,28,4,6,44,28,54928866
2022-10-29,2022,10,29,4,7,44,29,10663116
2022-10-30,2022,10,30,4,1,45,30,360782
2022-10-31,2022,10,31,4,2,45,31,51467693
2022-11-01,2022,11,1,4,3,45,1,11875609
2022-11-02,2022,11,2,4,4,45,2,1652164
2022-11-03,2022,11,3,4,5,45,3,7950843
2022-11-04,2022,11,4,4,6,45,4,31189703
2022-11-05,2022,11,5,4,7,45,5,7436246
2022-11-06,2022,11,6,4,1,46,6,461680
2022-11-07,2022,11,7,4,2,46,7,34520622
2022-11-08,2022,11,8,4,3,46,8,44310281
2022-11-09,2022,11,9,4,4,46,9,44844062
2022-11-10,2022,11,10,4,5,46,10,102286190
2022-11-11,2022,11,11,4,6,46,11,200974693
2022-11-12,2022,11,12,4,7,46,12,31061352
2022-11-13,2022,11,13,4,1,47,13,364835
2022-11-14,2022,11,14,4,2,47,14,164112932
2022-11-15,2022,11,15,4,3,47,15,263230692
2022-11-16,2022,11,16,4,4,47,16,406963599
2022-11-17,2022,11,17,4,5,47,17,751577057
2022-11-18,2022,11,18,4,6,47,18,137271387
2022-11-19,2022,11,19,4,7,47,19,12818063
2022-11-20,2022,11,20,4,1,48,20,262307
2022-11-21,2022,11,21,4,2,48,21,42582921
2022-11-22,2022,11,22,4,3,48,22,492518771
2022-11-23,2022,11,23,4,4,48,23,32059680
2022-11-24,2022,11,24,4,5,48,24,23002284
2022-11-25,2022,11,25,4,6,48,25,33936328
2022-11-26,2022,11,26,4,7,48,26,3328816
2022-11-27,2022,11,27,4,1,49,27,267237
2022-11-28,2022,11,28,4,2,49,28,25224763
2022-11-29,2022,11,29,4,3,49,29,30679456
2022-11-30,2022,11,30,4,4,49,30,67725220
2022-12-01,2022,12,1,4,5,49,1,12192311
2022-12-02,2022,12,2,4,6,49,2,22002895
2022-12-03,2022,12,3,4,7,49,3,1993711
2022-12-04,2022,12,4,4,1,50,4,219143
2022-12-05,2022,12,5,4,2,50,5,435357612
2022-12-06,2022,12,6,4,3,50,6,16737893
2022-12-07,2022,12,7,4,4,50,7,36178174
2022-12-08,2022,12,8,4,5,50,8,818776
2022-12-09,2022,12,9,4,6,50,9,73428699
2022-12-10,2022,12,10,4,7,50,10,13996601
2022-12-11,2022,12,11,4,1,51,11,174407
2022-12-12,2022,12,12,4,2,51,12,85654078
2022-12-13,2022,12,13,4,3,51,13,187607828
2022-12-14,2022,12,14,4,4,51,14,247228233
2022-12-15,2022,12,15,4,5,51,15,229221098
2022-12-16,2022,12,16,4,6,51,16,595787139
2022-12-17,2022,12,17,4,7,51,17,60334286
2022-12-18,2022,12,18,4,1,52,18,3939741
2022-12-19,2022,12,19,4,2,52,19,510349192
2022-12-20,2022,12,20,4,3,52,20,82804218
2022-12-21,2022,12,21,4,4,52,21,54848672
2022-12-22,2022,12,22,4,5,52,22,37850857
2022-12-23,2022,12,23,4,6,52,23,74230810
2022-12-24,2022,12,24,4,7,52,24,4105954
2022-12-25,2022,12,25,4,1,53,25,120187
2022-12-26,2022,12,26,4,2,53,26,827893
2022-12-27,2022,12,27,4,3,53,27,453328346
2022-12-28,2022,12,28,4,4,53,28,23257184
2022-12-29,2022,12,29,4,5,53,29,24991786
2022-12-30,2022,12,30,4,6,53,30,60775530
2022-12-31,2022,12,31,4,7,53,31,6369379
2023-01-01,2023,1,1,1,1,1,1,130436
2023-01-02,2023,1,2,1,2,1,2,177883
2023-01-03,2023,1,3,1,3,1,3,9612388
2023-01-04,2023,1,4,1,4,1,4,13077993
2023-01-05,2023,1,5,1,5,1,5,10700978
2023-01-06,2023,1,6,1,6,1,6,34106754
2023-01-07,2023,1,7,1,7,1,7,8844938
2023-01-08,2023,1,8,1,1,2,8,390933
2023-01-09,2023,1,9,1,2,2,9,33302275
2023-01-10,2023,1,10,1,3,2,10,59169248
2023-01-11,2023,1,11,1,4,2,11,156106308
2023-01-12,2023,1,12,1,5,2,12,127736466
2023-01-13,2023,1,13,1,6,2,13,352552703
2023-01-14,2023,1,14,1,7,2,14,82079578
2023-01-15,2023,1,15,1,1,3,15,1176308
2023-01-16,2023,1,16,1,2,3,16,440578259
2023-01-17,2023,1,17,1,3,3,17,849994057
2023-01-18,2023,1,18,1,4,3,18,81973164
2023-01-19,2023,1,19,1,5,3,19,76152685
2023-01-20,2023,1,20,1,6,3,20,99494310
2023-01-21,2023,1,21,1,7,3,21,10359892
2023-01-22,2023,1,22,1,1,4,22,364626
2023-01-23,2023,1,23,1,2,4,23,50420416
2023-01-24,2023,1,24,1,3,4,24,29927674
